{
  "representation-intake": {
    "id": "representation-intake",
    "label": "Attorney Representation Intake",
    "fields": [
      {
        "type": "input",
        "name": "attorneyName",
        "label": "Defense Attorney Name"
      },
      {
        "type": "date",
        "name": "engagementDate",
        "label": "Date of Engagement"
      },
      {
        "type": "checkbox",
        "name": "meetsWithYouth",
        "label": "Attorney has met directly with the youth"
      },
      {
        "type": "checkbox",
        "name": "guardianContacted",
        "label": "Guardian has been contacted regarding representation"
      }
    ],
    "next": ["case-review"]
  },
  "case-review": {
    "id": "case-review",
    "label": "Defense Case Review",
    "fields": [
      {
        "type": "textarea",
        "name": "youthVersion",
        "label": "Youth’s Version of Events"
      },
      {
        "type": "checkbox",
        "name": "confidentialityExplained",
        "label": "Attorney has explained confidentiality to youth"
      },
      {
        "type": "checkbox",
        "name": "policeReportReviewed",
        "label": "Police report reviewed"
      },
      {
        "type": "textarea",
        "name": "evidenceConcerns",
        "label": "Concerns or Issues with Evidence"
      }
    ],
    "next": ["defense-strategy"]
  },
  "defense-strategy": {
    "id": "defense-strategy",
    "label": "Defense Strategy Planning",
    "fields": [
      {
        "type": "checkbox",
        "name": "diversionExplored",
        "label": "Diversion explored as an option"
      },
      {
        "type": "checkbox",
        "name": "pleaDealConsidered",
        "label": "Plea deal discussed with youth"
      },
      {
        "type": "textarea",
        "name": "defenseRecommendations",
        "label": "Attorney's Strategic Notes"
      }
    ],
    "next": ["court-prep"]
  },
  "court-prep": {
    "id": "court-prep",
    "label": "Court Preparation",
    "fields": [
      {
        "type": "checkbox",
        "name": "witnessPrep",
        "label": "Witness prep completed (if applicable)"
      },
      {
        "type": "checkbox",
        "name": "evidenceFiled",
        "label": "All necessary evidence submitted"
      },
      {
        "type": "textarea",
        "name": "anticipatedChallenges",
        "label": "Anticipated Challenges or Motions"
      }
    ],
    "next": ["case-outcome"]
  },
  "case-outcome": {
    "id": "case-outcome",
    "label": "Case Outcome & Closing Notes",
    "fields": [
      {
        "type": "select",
        "name": "outcome",
        "label": "Final Case Outcome",
        "options": [
          { "label": "Charges Dropped", "value": "dropped" },
          { "label": "Plea Agreement", "value": "plea" },
          { "label": "Dismissed", "value": "dismissed" },
          { "label": "Adjudicated", "value": "adjudicated" }
        ]
      },
      {
        "type": "textarea",
        "name": "closingRemarks",
        "label": "Final Defense Statement / Remarks"
      },
      {
        "type": "date",
        "name": "closingDate",
        "label": "Date of Case Closure"
      }
    ],
    "next": ["dashboard"]
  }
}
