{
  "case-review": {
    "id": "case-review",
    "label": "Review Case File",
    "fields": [
      {
        "type": "input",
        "name": "caseNumber",
        "label": "Case Number"
      },
      {
        "type": "input",
        "name": "youthName",
        "label": "Youth's Full Name"
      },
      {
        "type": "textarea",
        "name": "summaryOfFacts",
        "label": "Summary of Alleged Facts"
      },
      {
        "type": "select",
        "name": "representationType",
        "label": "Representation",
        "options": [
          { "label": "Public Defender", "value": "public" },
          { "label": "Private Attorney", "value": "private" },
          { "label": "Guardian Ad Litem", "value": "gal" }
        ]
      }
    ],
    "next": ["hearing-decision"]
  },
  "hearing-decision": {
    "id": "hearing-decision",
    "label": "Hearing Decision",
    "fields": [
      {
        "type": "date",
        "name": "hearingDate",
        "label": "Date of Hearing"
      },
      {
        "type": "select",
        "name": "pleaDecision",
        "label": "Youth's Plea",
        "options": [
          { "label": "Admit", "value": "admit" },
          { "label": "Deny", "value": "deny" },
          { "label": "No Contest", "value": "nocontest" }
        ]
      },
      {
        "type": "checkbox",
        "name": "foundDelinquent",
        "label": "Youth found delinquent"
      },
      {
        "type": "textarea",
        "name": "benchNotes",
        "label": "Bench Notes"
      }
    ],
    "next": ["disposition"]
  },
  "disposition": {
    "id": "disposition",
    "label": "Disposition Sentencing",
    "fields": [
      {
        "type": "select",
        "name": "dispositionType",
        "label": "Disposition Type",
        "options": [
          { "label": "Probation", "value": "probation" },
          { "label": "Diversion", "value": "diversion" },
          { "label": "Detention", "value": "detention" },
          { "label": "Dismissed", "value": "dismissed" }
        ]
      },
      {
        "type": "textarea",
        "name": "sentencingDetails",
        "label": "Sentencing Details"
      },
      {
        "type": "date",
        "name": "dispositionDate",
        "label": "Date of Disposition"
      }
    ],
    "next": ["recommendations"]
  },
  "recommendations": {
    "id": "recommendations",
    "label": "Judicial Recommendations",
    "fields": [
      {
        "type": "checkbox",
        "name": "recommendTreatment",
        "label": "Recommend mental health or substance use treatment"
      },
      {
        "type": "checkbox",
        "name": "recommendRestitution",
        "label": "Recommend restitution to victim(s)"
      },
      {
        "type": "checkbox",
        "name": "recommendFamilyCounseling",
        "label": "Recommend family counseling"
      },
      {
        "type": "textarea",
        "name": "customRecommendations",
        "label": "Other Recommendations"
      }
    ],
    "next": ["judicial-logging"]
  },
  "judicial-logging": {
    "id": "judicial-logging",
    "label": "Final Logging & Summary",
    "fields": [
      {
        "type": "date",
        "name": "logDate",
        "label": "Date of Log Entry"
      },
      {
        "type": "textarea",
        "name": "finalJudicialSummary",
        "label": "Summary of Final Judicial Comments"
      }
    ],
    "next": ["dashboard"]
  }
}
