[
  {
    "id": "start",
    "label": "Youth Referred to Community Advocate",
    "conditions": [
      "Referral from Intake, Probation, or Court",
      "Youth consents to community-based support",
      "Guardian or case manager provides contact info"
    ],
    "next": ["engagement"]
  },
  {
    "id": "engagement",
    "label": "Meet with Youth or Family",
    "conditions": [
      "Initial contact attempt completed",
      "Needs assessment conducted",
      "Comfort or safety issues noted"
    ],
    "next": ["mentorship-referral", "support-log"]
  },
  {
    "id": "mentorship-referral",
    "label": "Refer to Mentorship or Cultural Program",
    "conditions": [
      "Program matched to youth’s identity or needs",
      "Transportation or access coordinated",
      "Youth and mentor introduced"
    ],
    "next": ["support-log"]
  },
  {
    "id": "support-log",
    "label": "Ongoing Support and Check-Ins",
    "conditions": [
      "Weekly contact attempted",
      "Progress or dropout risk noted",
      "Advocate logs support services provided"
    ]
  }
]
