{
  "diversion": {
    "id": "diversion",
    "label": "Diversion Agreement Process",
    "conditions": ["low-risk", "nonviolent"],
    "fields": [
      {
        "type": "select",
        "name": "agreementType",
        "label": "Type of Diversion Agreement",
        "options": [
          { "label": "Verbal Warning", "value": "verbal" },
          { "label": "Written Agreement", "value": "written" },
          { "label": "Community Service", "value": "service" }
        ]
      },
      {
        "type": "textarea",
        "name": "diversionNotes",
        "label": "Notes on Diversion Plan"
      },
      {
        "type": "checkbox",
        "name": "conditionsMet",
        "label": "Youth meets eligibility requirements"
      },
      {
        "type": "date",
        "name": "agreementDate",
        "label": "Date Agreement Was Offered"
      },
      {
        "type": "input",
        "name": "officerName",
        "label": "Staff Member Offering Agreement"
      }
    ],
    "next": ["outcome-logging"]
  },

  "outcome-logging": {
    "id": "outcome-logging",
    "label": "Log Diversion Outcome",
    "fields": [
      {
        "type": "select",
        "name": "outcomeStatus",
        "label": "Diversion Outcome",
        "options": [
          { "label": "Completed Successfully", "value": "complete" },
          { "label": "Failed to Comply", "value": "failed" },
          { "label": "Referred for Further Action", "value": "referred" }
        ]
      },
      {
        "type": "textarea",
        "name": "outcomeNotes",
        "label": "Notes on Outcome"
      },
      {
        "type": "date",
        "name": "outcomeDate",
        "label": "Date Outcome Was Logged"
      }
    ],
    "next": []
  }
}
