{
  "start": {
    "id": "start",
    "label": "Youth Referred to Intake",
    "fields": [
      {
        "type": "input",
        "name": "referralSource",
        "label": "Referral Source (e.g. Police, School, Guardian)"
      },
      {
        "type": "date",
        "name": "referralDate",
        "label": "Date of Referral"
      },
      {
        "type": "checkbox",
        "name": "safetyCleared",
        "label": "No immediate safety or medical crisis"
      }
    ],
    "next": ["risk-assessment"]
  },
  "risk-assessment": {
    "id": "risk-assessment",
    "label": "Complete Risk and Mental Health Assessment",
    "fields": [
      {
        "type": "select",
        "name": "assessmentTool",
        "label": "Risk Assessment Tool Used",
        "options": [
          { "label": "SAVRY", "value": "savry" },
          { "label": "MAYSI-2", "value": "maysi" },
          { "label": "Other", "value": "other" }
        ]
      },
      {
        "type": "input",
        "name": "riskScore",
        "label": "Risk Score / Tier"
      },
      {
        "type": "checkbox",
        "name": "mentalHealthConcern",
        "label": "Signs of mental health concern"
      },
      {
        "type": "textarea",
        "name": "notes",
        "label": "Assessment Notes"
      }
    ],
    "next": ["diversion", "petition"]
  },
  "diversion": {
    "id": "diversion",
    "label": "Offer Diversion Agreement",
    "fields": [
      {
        "type": "select",
        "name": "diversionType",
        "label": "Diversion Type",
        "options": [
          { "label": "Verbal Agreement", "value": "verbal" },
          { "label": "Written Contract", "value": "written" },
          { "label": "Community Service", "value": "service" }
        ]
      },
      {
        "type": "date",
        "name": "diversionStartDate",
        "label": "Start Date of Diversion"
      },
      {
        "type": "textarea",
        "name": "diversionDetails",
        "label": "Diversion Plan Summary"
      },
      {
        "type": "checkbox",
        "name": "guardianConsent",
        "label": "Guardian consent obtained"
      }
    ],
    "next": ["outcome-logging"]
  },
  "petition": {
    "id": "petition",
    "label": "Refer for Petition Filing",
    "fields": [
      {
        "type": "textarea",
        "name": "petitionReason",
        "label": "Reason for Filing Petition"
      },
      {
        "type": "date",
        "name": "petitionDate",
        "label": "Date Petition Was Filed"
      },
      {
        "type": "input",
        "name": "courtClerk",
        "label": "Court Clerk Name"
      }
    ],
    "next": ["detention-hearing"]
  },
  "outcome-logging": {
    "id": "outcome-logging",
    "label": "Log Outcome & Notifications",
    "fields": [
      {
        "type": "select",
        "name": "outcomeResult",
        "label": "Outcome of Diversion",
        "options": [
          { "label": "Successfully Completed", "value": "complete" },
          { "label": "Non-Compliance", "value": "noncompliance" },
          { "label": "Referred for Petition", "value": "referred" }
        ]
      },
      {
        "type": "date",
        "name": "outcomeDate",
        "label": "Outcome Completion Date"
      },
      {
        "type": "textarea",
        "name": "notificationNotes",
        "label": "Notes or Comments"
      }
    ],
    "next": ["dashboard"]
  },
  "detention-hearing": {
    "id": "detention-hearing",
    "label": "Schedule Detention Hearing",
    "fields": [
      {
        "type": "date",
        "name": "hearingDate",
        "label": "Hearing Date"
      },
      {
        "type": "input",
        "name": "judgeName",
        "label": "Judge Presiding"
      },
      {
        "type": "checkbox",
        "name": "detainedPending",
        "label": "Youth detained pending hearing"
      }
    ],
    "next": ["dashboard"]
  }
}
